text,domain
college is holding my certificates,institutional_misconduct
i am abused for my caste,discrimination_hate
someone created fake account,cyber_crime
i was touched by senior,sexual_offence
seniors forcing humiliating acts,ragging
senior punched me,physical_violence
harassed by seniors,ragging
something wrong happening,mixed_or_unclear
money extorted,financial_exploitation
forced into inappropriate contact,sexual_offence
forced to pay seniors,financial_exploitation
harassed by seniors,ragging
financial harassment,financial_exploitation
warned not to complain,threat_intimidation
forced to consume drugs,substance_abuse
held against will,kidnapping_confinement
administration harassment,institutional_misconduct
drug use forced,substance_abuse
college holding certificates,institutional_misconduct
being stalked online,stalking
forced to stay inside,kidnapping_confinement
senior punched me,physical_violence
fake complaints filed,defamation
abused for my caste,discrimination_hate
tc not given,institutional_misconduct
emotionally tortured,mental_harassment
threatened by classmates,threat_intimidation
fake complaints filed,defamation
many problems in college,mixed_or_unclear
senior is threatening me,threat_intimidation
forced humiliating acts,ragging
threatened by classmates,threat_intimidation
senior is threatening me,threat_intimidation
someone following me,stalking
psychological abuse,mental_harassment
someone touched me without consent,sexual_offence
verbal and physical ragging,ragging
senior is threatening me,threat_intimidation
harassed by seniors,ragging
held against will,kidnapping_confinement
forced to clean rooms,ragging
threatened by classmates,threat_intimidation
stalker in hostel,stalking
racist remarks in class,discrimination_hate
constant mental harassment,mental_harassment
forced into inappropriate contact,sexual_offence
something wrong happening,mixed_or_unclear
senior is threatening me,threat_intimidation
i was slapped by a senior,physical_violence
forced to consume drugs,substance_abuse
teacher made sexual comments,sexual_offence
someone following me,stalking
forced to pay seniors,financial_exploitation
pressured to smoke,substance_abuse
illegal substances pushed,substance_abuse
character assassination,defamation
false rumors spread,defamation
online harassment,cyber_crime
abused for my caste,discrimination_hate
dont know what to do,mixed_or_unclear
false allegations online,defamation
verbal and physical ragging,ragging
teacher made sexual comments,sexual_offence
verbal abuse daily,mental_harassment
harassed by seniors,ragging
forced to pay seniors,financial_exploitation
constant mental harassment,mental_harassment
someone attacked me in hostel,physical_violence
verbal abuse daily,mental_harassment
prevented from leaving,kidnapping_confinement
someone following me,stalking
received sexual messages,sexual_offence
financial harassment,financial_exploitation
forced to consume drugs,substance_abuse
emotionally tortured,mental_harassment
money extorted,financial_exploitation
threatened by classmates,threat_intimidation
constant mental harassment,mental_harassment
online harassment,cyber_crime
fake instagram account created,cyber_crime
assaulted by students,physical_violence
forced to clean rooms,ragging
constant messages from person,stalking
money demanded under threat,financial_exploitation
racist remarks in class,discrimination_hate
documents withheld,institutional_misconduct
someone attacked me in hostel,physical_violence
something wrong happening,mixed_or_unclear
constant messages from person,stalking
forced humiliating acts,ragging
racist remarks in class,discrimination_hate
fake complaints filed,defamation
forced humiliating acts,ragging
held against will,kidnapping_confinement
photos shared without consent,cyber_crime
senior punched me,physical_violence
received death threats,threat_intimidation
online harassment,cyber_crime
assaulted by students,physical_violence
forced to clean rooms,ragging
teacher made sexual comments,sexual_offence
dont know what to do,mixed_or_unclear
many problems in college,mixed_or_unclear
someone touched me without consent,sexual_offence
forced to drink alcohol,substance_abuse
photos shared without consent,cyber_crime
forced to sign bond,institutional_misconduct
false rumors spread,defamation
fake instagram account created,cyber_crime
senior tried to molest me,sexual_offence
threatened by classmates,threat_intimidation
harassed for religion,discrimination_hate
i was beaten by classmates,physical_violence
forced to clean rooms,ragging
warned not to complain,threat_intimidation
fake instagram account created,cyber_crime
forced to sign bond,institutional_misconduct
senior tried to molest me,sexual_offence
false allegations online,defamation
excluded due to caste,discrimination_hate
constant mental harassment,mental_harassment
college holding certificates,institutional_misconduct
something wrong happening,mixed_or_unclear
held against will,kidnapping_confinement
religious discrimination,discrimination_hate
prevented from leaving,kidnapping_confinement
someone touched me without consent,sexual_offence
dont know what to do,mixed_or_unclear
constant messages from person,stalking
constant mental harassment,mental_harassment
stalker in hostel,stalking
forced to clean rooms,ragging
verbal abuse daily,mental_harassment
mental pressure from teachers,mental_harassment
forced humiliating acts,ragging
someone attacked me in hostel,physical_violence
assaulted by students,physical_violence
threats on whatsapp,cyber_crime
harassed by seniors,ragging
college environment is bad,mixed_or_unclear
cyber bullying,cyber_crime
college holding certificates,institutional_misconduct
confined by students,kidnapping_confinement
followed after class,stalking
racist remarks in class,discrimination_hate
drug use forced,substance_abuse
someone following me,stalking
racist remarks in class,discrimination_hate
someone following me,stalking
fake instagram account created,cyber_crime
being stalked online,stalking
online harassment,cyber_crime
forced humiliating acts,ragging
emotionally tortured,mental_harassment
received death threats,threat_intimidation
constant messages from person,stalking
someone following me,stalking
psychological abuse,mental_harassment
excluded due to caste,discrimination_hate
intimidated by seniors,threat_intimidation
i feel unsafe,mixed_or_unclear
someone following me,stalking
administration harassment,institutional_misconduct
forced to clean rooms,ragging
verbal and physical ragging,ragging
someone touched me without consent,sexual_offence
forced to give money,financial_exploitation
constant mental harassment,mental_harassment
online harassment,cyber_crime
i feel unsafe,mixed_or_unclear
forced to sign bond,institutional_misconduct
received sexual messages,sexual_offence
money extorted,financial_exploitation
verbal and physical ragging,ragging
forced to drink alcohol,substance_abuse
something wrong happening,mixed_or_unclear
stalker in hostel,stalking
harassed for religion,discrimination_hate
administration harassment,institutional_misconduct
forced to stay inside,kidnapping_confinement
character assassination,defamation
fake complaints filed,defamation
many problems in college,mixed_or_unclear
money extorted,financial_exploitation
verbal abuse daily,mental_harassment
emotionally tortured,mental_harassment
forced to sign bond,institutional_misconduct
false rumors spread,defamation
followed after class,stalking
drug use forced,substance_abuse
confined by students,kidnapping_confinement
false allegations online,defamation
being stalked online,stalking
threats on whatsapp,cyber_crime
prevented from leaving,kidnapping_confinement
fake complaints filed,defamation
i feel unsafe,mixed_or_unclear
senior punched me,physical_violence
threats on whatsapp,cyber_crime
tc not given,institutional_misconduct
threatened by classmates,threat_intimidation
being stalked online,stalking
confined by students,kidnapping_confinement
financial harassment,financial_exploitation
dont know what to do,mixed_or_unclear
pressured to smoke,substance_abuse
reputation damaged,defamation
money demanded under threat,financial_exploitation
stalker in hostel,stalking
character assassination,defamation
being stalked online,stalking
ragged daily in hostel,ragging
i feel unsafe,mixed_or_unclear
verbal and physical ragging,ragging
constant messages from person,stalking
pressured to smoke,substance_abuse
forced to consume drugs,substance_abuse
threats on whatsapp,cyber_crime
something wrong happening,mixed_or_unclear
excluded due to caste,discrimination_hate
forced into inappropriate contact,sexual_offence
threats on whatsapp,cyber_crime
photos shared without consent,cyber_crime
drug use forced,substance_abuse
money demanded under threat,financial_exploitation
received death threats,threat_intimidation
online harassment,cyber_crime
psychological abuse,mental_harassment
cyber bullying,cyber_crime
dont know what to do,mixed_or_unclear
psychological abuse,mental_harassment
money extorted,financial_exploitation
threats on whatsapp,cyber_crime
forced to drink alcohol,substance_abuse
religious discrimination,discrimination_hate
false rumors spread,defamation
harassed for religion,discrimination_hate
documents withheld,institutional_misconduct
constant messages from person,stalking
character assassination,defamation
warned not to complain,threat_intimidation
fake instagram account created,cyber_crime
constant mental harassment,mental_harassment
assaulted by students,physical_violence
documents withheld,institutional_misconduct
racist remarks in class,discrimination_hate
threats on whatsapp,cyber_crime
dont know what to do,mixed_or_unclear
teacher made sexual comments,sexual_offence
verbal and physical ragging,ragging
fake instagram account created,cyber_crime
senior tried to molest me,sexual_offence
forced to sign bond,institutional_misconduct
i was slapped by a senior,physical_violence
verbal and physical ragging,ragging
racist remarks in class,discrimination_hate
forced to pay seniors,financial_exploitation
followed after class,stalking
ragged daily in hostel,ragging
religious discrimination,discrimination_hate
ragged daily in hostel,ragging
dont know what to do,mixed_or_unclear
false allegations online,defamation
tc not given,institutional_misconduct
teacher made sexual comments,sexual_offence
fake instagram account created,cyber_crime
locked in room,kidnapping_confinement
senior tried to molest me,sexual_offence
illegal substances pushed,substance_abuse
religious discrimination,discrimination_hate
forced to drink alcohol,substance_abuse
held against will,kidnapping_confinement
forced to consume drugs,substance_abuse
someone touched me without consent,sexual_offence
documents withheld,institutional_misconduct
illegal substances pushed,substance_abuse
tc not given,institutional_misconduct
forced to pay seniors,financial_exploitation
i was beaten by classmates,physical_violence
received sexual messages,sexual_offence
threats on whatsapp,cyber_crime
someone touched me without consent,sexual_offence
money demanded under threat,financial_exploitation
confined by students,kidnapping_confinement
college environment is bad,mixed_or_unclear
false allegations online,defamation
teacher made sexual comments,sexual_offence
religious discrimination,discrimination_hate
locked in room,kidnapping_confinement
emotionally tortured,mental_harassment
senior tried to molest me,sexual_offence
followed after class,stalking
verbal abuse daily,mental_harassment
drug use forced,substance_abuse
character assassination,defamation
ragged daily in hostel,ragging
excluded due to caste,discrimination_hate
money extorted,financial_exploitation
received death threats,threat_intimidation
online harassment,cyber_crime
confined by students,kidnapping_confinement
fake complaints filed,defamation
financial harassment,financial_exploitation
administration harassment,institutional_misconduct
administration harassment,institutional_misconduct
mental pressure from teachers,mental_harassment
i was slapped by a senior,physical_violence
held against will,kidnapping_confinement
forced to clean rooms,ragging
held against will,kidnapping_confinement
tc not given,institutional_misconduct
illegal substances pushed,substance_abuse
forced to give money,financial_exploitation
dont know what to do,mixed_or_unclear
held against will,kidnapping_confinement
constant mental harassment,mental_harassment
fake complaints filed,defamation
confined by students,kidnapping_confinement
college holding certificates,institutional_misconduct
senior tried to molest me,sexual_offence
forced to stay inside,kidnapping_confinement
illegal substances pushed,substance_abuse
warned not to complain,threat_intimidation
racist remarks in class,discrimination_hate
someone touched me without consent,sexual_offence
dont know what to do,mixed_or_unclear
mental pressure from teachers,mental_harassment
money demanded under threat,financial_exploitation
i was beaten by classmates,physical_violence
verbal abuse daily,mental_harassment
forced to give money,financial_exploitation
being stalked online,stalking
forced humiliating acts,ragging
abused for my caste,discrimination_hate
threats on whatsapp,cyber_crime
held against will,kidnapping_confinement
threats on whatsapp,cyber_crime
illegal substances pushed,substance_abuse
senior tried to molest me,sexual_offence
fake complaints filed,defamation
i feel unsafe,mixed_or_unclear
documents withheld,institutional_misconduct
harassed by seniors,ragging
threats on whatsapp,cyber_crime
someone attacked me in hostel,physical_violence
forced to give money,financial_exploitation
cyber bullying,cyber_crime
online harassment,cyber_crime
dont know what to do,mixed_or_unclear
false rumors spread,defamation
forced to consume drugs,substance_abuse
religious discrimination,discrimination_hate
held against will,kidnapping_confinement
illegal substances pushed,substance_abuse
constant messages from person,stalking
i feel unsafe,mixed_or_unclear
forced humiliating acts,ragging
received sexual messages,sexual_offence
religious discrimination,discrimination_hate
warned not to complain,threat_intimidation
photos shared without consent,cyber_crime
locked in room,kidnapping_confinement
prevented from leaving,kidnapping_confinement
harassed for religion,discrimination_hate
received death threats,threat_intimidation
psychological abuse,mental_harassment
someone attacked me in hostel,physical_violence
drug use forced,substance_abuse
forced to pay seniors,financial_exploitation
someone following me,stalking
abused for my caste,discrimination_hate
i was slapped by a senior,physical_violence
being stalked online,stalking
reputation damaged,defamation
forced to consume drugs,substance_abuse
reputation damaged,defamation
received death threats,threat_intimidation
administration harassment,institutional_misconduct
received death threats,threat_intimidation
false allegations online,defamation
financial harassment,financial_exploitation
excluded due to caste,discrimination_hate
received sexual messages,sexual_offence
character assassination,defamation
forced to give money,financial_exploitation
something wrong happening,mixed_or_unclear
character assassination,defamation
received sexual messages,sexual_offence
held against will,kidnapping_confinement
tc not given,institutional_misconduct
photos shared without consent,cyber_crime
forced humiliating acts,ragging
warned not to complain,threat_intimidation
fake instagram account created,cyber_crime
warned not to complain,threat_intimidation
senior tried to molest me,sexual_offence
excluded due to caste,discrimination_hate
someone attacked me in hostel,physical_violence
false allegations online,defamation
someone attacked me in hostel,physical_violence
mental pressure from teachers,mental_harassment
constant messages from person,stalking
pressured to smoke,substance_abuse
racist remarks in class,discrimination_hate
teacher made sexual comments,sexual_offence
forced to stay inside,kidnapping_confinement
fake instagram account created,cyber_crime
warned not to complain,threat_intimidation
college holding certificates,institutional_misconduct
forced to sign bond,institutional_misconduct
character assassination,defamation
fake complaints filed,defamation
something wrong happening,mixed_or_unclear
i was slapped by a senior,physical_violence
prevented from leaving,kidnapping_confinement
teacher made sexual comments,sexual_offence
religious discrimination,discrimination_hate
forced to clean rooms,ragging
someone touched me without consent,sexual_offence
documents withheld,institutional_misconduct
i was beaten by classmates,physical_violence
emotionally tortured,mental_harassment
forced to drink alcohol,substance_abuse
emotionally tortured,mental_harassment
college environment is bad,mixed_or_unclear
forced to drink alcohol,substance_abuse
i was beaten by classmates,physical_violence
cyber bullying,cyber_crime
photos shared without consent,cyber_crime
forced to sign bond,institutional_misconduct
verbal abuse daily,mental_harassment
assaulted by students,physical_violence
someone following me,stalking
reputation damaged,defamation
administration harassment,institutional_misconduct
forced to pay seniors,financial_exploitation
received death threats,threat_intimidation
locked in room,kidnapping_confinement
being stalked online,stalking
senior is threatening me,threat_intimidation
documents withheld,institutional_misconduct
tc not given,institutional_misconduct
constant messages from person,stalking
psychological abuse,mental_harassment
intimidated by seniors,threat_intimidation
pressured to smoke,substance_abuse
tc not given,institutional_misconduct
someone touched me without consent,sexual_offence
senior punched me,physical_violence
stalker in hostel,stalking
pressured to smoke,substance_abuse
stalker in hostel,stalking
confined by students,kidnapping_confinement
locked in room,kidnapping_confinement
forced to pay seniors,financial_exploitation
money extorted,financial_exploitation
false allegations online,defamation
psychological abuse,mental_harassment
locked in room,kidnapping_confinement
money extorted,financial_exploitation
reputation damaged,defamation
drug use forced,substance_abuse
teacher made sexual comments,sexual_offence
forced to stay inside,kidnapping_confinement
forced to drink alcohol,substance_abuse
college holding certificates,institutional_misconduct
harassed for religion,discrimination_hate
i was beaten by classmates,physical_violence
intimidated by seniors,threat_intimidation
someone attacked me in hostel,physical_violence
racist remarks in class,discrimination_hate
stalker in hostel,stalking
character assassination,defamation
psychological abuse,mental_harassment
online harassment,cyber_crime
fake complaints filed,defamation
forced humiliating acts,ragging
online harassment,cyber_crime
someone touched me without consent,sexual_offence
constant mental harassment,mental_harassment
many problems in college,mixed_or_unclear
psychological abuse,mental_harassment
harassed by seniors,ragging
illegal substances pushed,substance_abuse
excluded due to caste,discrimination_hate
documents withheld,institutional_misconduct
money extorted,financial_exploitation
ragged daily in hostel,ragging
followed after class,stalking
religious discrimination,discrimination_hate
senior tried to molest me,sexual_offence
threats on whatsapp,cyber_crime
stalker in hostel,stalking
stalker in hostel,stalking
senior tried to molest me,sexual_offence
excluded due to caste,discrimination_hate
emotionally tortured,mental_harassment
i feel unsafe,mixed_or_unclear
something wrong happening,mixed_or_unclear
locked in room,kidnapping_confinement
senior is threatening me,threat_intimidation
money demanded under threat,financial_exploitation
ragged daily in hostel,ragging
i was beaten by classmates,physical_violence
someone attacked me in hostel,physical_violence
racist remarks in class,discrimination_hate
someone following me,stalking
excluded due to caste,discrimination_hate
something wrong happening,mixed_or_unclear
i was slapped by a senior,physical_violence
ragged daily in hostel,ragging
verbal abuse daily,mental_harassment
received death threats,threat_intimidation
forced humiliating acts,ragging
verbal abuse daily,mental_harassment
money demanded under threat,financial_exploitation
many problems in college,mixed_or_unclear
financial harassment,financial_exploitation
money demanded under threat,financial_exploitation
tc not given,institutional_misconduct
photos shared without consent,cyber_crime
harassed for religion,discrimination_hate
mental pressure from teachers,mental_harassment
verbal abuse daily,mental_harassment
forced to give money,financial_exploitation
dont know what to do,mixed_or_unclear
fake complaints filed,defamation
abused for my caste,discrimination_hate
forced to stay inside,kidnapping_confinement
assaulted by students,physical_violence
threats on whatsapp,cyber_crime
college environment is bad,mixed_or_unclear
forced to stay inside,kidnapping_confinement
followed after class,stalking
forced into inappropriate contact,sexual_offence
threats on whatsapp,cyber_crime
constant mental harassment,mental_harassment
received death threats,threat_intimidation
senior tried to molest me,sexual_offence
senior tried to molest me,sexual_offence
i feel unsafe,mixed_or_unclear
forced to give money,financial_exploitation
false allegations online,defamation
assaulted by students,physical_violence
false rumors spread,defamation
forced to clean rooms,ragging
excluded due to caste,discrimination_hate
assaulted by students,physical_violence
someone touched me without consent,sexual_offence
someone attacked me in hostel,physical_violence
emotionally tortured,mental_harassment
forced to consume drugs,substance_abuse
dont know what to do,mixed_or_unclear
harassed by seniors,ragging
constant messages from person,stalking
received sexual messages,sexual_offence
locked in room,kidnapping_confinement
forced to pay seniors,financial_exploitation
locked in room,kidnapping_confinement
illegal substances pushed,substance_abuse
senior is threatening me,threat_intimidation
received sexual messages,sexual_offence
senior tried to molest me,sexual_offence
confined by students,kidnapping_confinement
constant messages from person,stalking
being stalked online,stalking
warned not to complain,threat_intimidation
administration harassment,institutional_misconduct
drug use forced,substance_abuse
forced to clean rooms,ragging
racist remarks in class,discrimination_hate
intimidated by seniors,threat_intimidation
mental pressure from teachers,mental_harassment
threats on whatsapp,cyber_crime
constant mental harassment,mental_harassment
received death threats,threat_intimidation
false rumors spread,defamation
racist remarks in class,discrimination_hate
racist remarks in class,discrimination_hate
ragged daily in hostel,ragging
dont know what to do,mixed_or_unclear
held against will,kidnapping_confinement
college environment is bad,mixed_or_unclear
senior punched me,physical_violence
pressured to smoke,substance_abuse
character assassination,defamation
forced to pay seniors,financial_exploitation
verbal abuse daily,mental_harassment
someone following me,stalking
someone attacked me in hostel,physical_violence
financial harassment,financial_exploitation
racist remarks in class,discrimination_hate
harassed by seniors,ragging
i feel unsafe,mixed_or_unclear
drug use forced,substance_abuse
locked in room,kidnapping_confinement
being stalked online,stalking
harassed for religion,discrimination_hate
fake complaints filed,defamation
being stalked online,stalking
forced humiliating acts,ragging
someone attacked me in hostel,physical_violence
something wrong happening,mixed_or_unclear
money demanded under threat,financial_exploitation
prevented from leaving,kidnapping_confinement
forced to give money,financial_exploitation
threats on whatsapp,cyber_crime
senior punched me,physical_violence
online harassment,cyber_crime
college holding certificates,institutional_misconduct
i was beaten by classmates,physical_violence
college environment is bad,mixed_or_unclear
racist remarks in class,discrimination_hate
racist remarks in class,discrimination_hate
tc not given,institutional_misconduct
someone attacked me in hostel,physical_violence
college holding certificates,institutional_misconduct
received death threats,threat_intimidation
fake complaints filed,defamation
character assassination,defamation
college environment is bad,mixed_or_unclear
money demanded under threat,financial_exploitation
drug use forced,substance_abuse
pressured to smoke,substance_abuse
college environment is bad,mixed_or_unclear
administration harassment,institutional_misconduct
senior is threatening me,threat_intimidation
dont know what to do,mixed_or_unclear
forced to pay seniors,financial_exploitation
verbal and physical ragging,ragging
illegal substances pushed,substance_abuse
dont know what to do,mixed_or_unclear
prevented from leaving,kidnapping_confinement
senior is threatening me,threat_intimidation
i feel unsafe,mixed_or_unclear
received sexual messages,sexual_offence
assaulted by students,physical_violence
warned not to complain,threat_intimidation
threatened by classmates,threat_intimidation
forced to give money,financial_exploitation
money extorted,financial_exploitation
something wrong happening,mixed_or_unclear
reputation damaged,defamation
harassed for religion,discrimination_hate
i feel unsafe,mixed_or_unclear
someone following me,stalking
college holding certificates,institutional_misconduct
administration harassment,institutional_misconduct
drug use forced,substance_abuse
false allegations online,defamation
being stalked online,stalking
pressured to smoke,substance_abuse
senior is threatening me,threat_intimidation
financial harassment,financial_exploitation
senior tried to molest me,sexual_offence
forced to sign bond,institutional_misconduct
being stalked online,stalking
photos shared without consent,cyber_crime
verbal abuse daily,mental_harassment
illegal substances pushed,substance_abuse
harassed for religion,discrimination_hate
forced to clean rooms,ragging
threatened by classmates,threat_intimidation
forced to stay inside,kidnapping_confinement
fake instagram account created,cyber_crime
senior punched me,physical_violence
racist remarks in class,discrimination_hate
prevented from leaving,kidnapping_confinement
money demanded under threat,financial_exploitation
teacher made sexual comments,sexual_offence
illegal substances pushed,substance_abuse
forced to stay inside,kidnapping_confinement
senior is threatening me,threat_intimidation
character assassination,defamation
psychological abuse,mental_harassment
money demanded under threat,financial_exploitation
received death threats,threat_intimidation
forced to consume drugs,substance_abuse
excluded due to caste,discrimination_hate
false rumors spread,defamation
ragged daily in hostel,ragging
followed after class,stalking
received death threats,threat_intimidation
harassed by seniors,ragging
money demanded under threat,financial_exploitation
received death threats,threat_intimidation
mental pressure from teachers,mental_harassment
forced into inappropriate contact,sexual_offence
administration harassment,institutional_misconduct
tc not given,institutional_misconduct
i was slapped by a senior,physical_violence
forced to consume drugs,substance_abuse
constant messages from person,stalking
forced to give money,financial_exploitation
financial harassment,financial_exploitation
drug use forced,substance_abuse
someone touched me without consent,sexual_offence
i was beaten by classmates,physical_violence
tc not given,institutional_misconduct
documents withheld,institutional_misconduct
documents withheld,institutional_misconduct
assaulted by students,physical_violence
college environment is bad,mixed_or_unclear
threatened by classmates,threat_intimidation
harassed by seniors,ragging
someone following me,stalking
online harassment,cyber_crime
illegal substances pushed,substance_abuse
religious discrimination,discrimination_hate
threats on whatsapp,cyber_crime
religious discrimination,discrimination_hate
forced to sign bond,institutional_misconduct
constant messages from person,stalking
verbal and physical ragging,ragging
confined by students,kidnapping_confinement
character assassination,defamation
confined by students,kidnapping_confinement
forced to give money,financial_exploitation
fake complaints filed,defamation
emotionally tortured,mental_harassment
something wrong happening,mixed_or_unclear
assaulted by students,physical_violence
documents withheld,institutional_misconduct
assaulted by students,physical_violence
forced into inappropriate contact,sexual_offence
senior punched me,physical_violence
teacher made sexual comments,sexual_offence
constant mental harassment,mental_harassment
drug use forced,substance_abuse
senior punched me,physical_violence
forced to sign bond,institutional_misconduct
false rumors spread,defamation
tc not given,institutional_misconduct
religious discrimination,discrimination_hate
forced into inappropriate contact,sexual_offence
held against will,kidnapping_confinement
forced to pay seniors,financial_exploitation
excluded due to caste,discrimination_hate
senior tried to molest me,sexual_offence
assaulted by students,physical_violence
photos shared without consent,cyber_crime
threats on whatsapp,cyber_crime
forced to drink alcohol,substance_abuse
money extorted,financial_exploitation
dont know what to do,mixed_or_unclear
photos shared without consent,cyber_crime
excluded due to caste,discrimination_hate
verbal abuse daily,mental_harassment
intimidated by seniors,threat_intimidation
psychological abuse,mental_harassment
ragged daily in hostel,ragging
forced to stay inside,kidnapping_confinement
someone touched me without consent,sexual_offence
harassed for religion,discrimination_hate
prevented from leaving,kidnapping_confinement
teacher made sexual comments,sexual_offence
threats on whatsapp,cyber_crime
racist remarks in class,discrimination_hate
someone touched me without consent,sexual_offence
mental pressure from teachers,mental_harassment
intimidated by seniors,threat_intimidation
cyber bullying,cyber_crime
forced to sign bond,institutional_misconduct
locked in room,kidnapping_confinement
mental pressure from teachers,mental_harassment
religious discrimination,discrimination_hate
something wrong happening,mixed_or_unclear
dont know what to do,mixed_or_unclear
emotionally tortured,mental_harassment
followed after class,stalking
drug use forced,substance_abuse
money extorted,financial_exploitation
forced to stay inside,kidnapping_confinement
senior tried to molest me,sexual_offence
forced to consume drugs,substance_abuse
psychological abuse,mental_harassment
i was beaten by classmates,physical_violence
verbal and physical ragging,ragging
i feel unsafe,mixed_or_unclear
pressured to smoke,substance_abuse
religious discrimination,discrimination_hate
threats on whatsapp,cyber_crime
ragged daily in hostel,ragging
financial harassment,financial_exploitation
i was slapped by a senior,physical_violence
harassed by seniors,ragging
warned not to complain,threat_intimidation
constant messages from person,stalking
administration harassment,institutional_misconduct
confined by students,kidnapping_confinement
forced to consume drugs,substance_abuse
forced to sign bond,institutional_misconduct
harassed by seniors,ragging
dont know what to do,mixed_or_unclear
fake complaints filed,defamation
senior is threatening me,threat_intimidation
i was slapped by a senior,physical_violence
threats on whatsapp,cyber_crime
harassed by seniors,ragging
stalker in hostel,stalking
fake complaints filed,defamation
excluded due to caste,discrimination_hate
forced to clean rooms,ragging
abused for my caste,discrimination_hate
online harassment,cyber_crime
teacher made sexual comments,sexual_offence
verbal and physical ragging,ragging
photos shared without consent,cyber_crime
forced humiliating acts,ragging
drug use forced,substance_abuse
forced to pay seniors,financial_exploitation
intimidated by seniors,threat_intimidation
verbal and physical ragging,ragging
received death threats,threat_intimidation
forced to stay inside,kidnapping_confinement
excluded due to caste,discrimination_hate
false allegations online,defamation
assaulted by students,physical_violence
forced to pay seniors,financial_exploitation
assaulted by students,physical_violence
college environment is bad,mixed_or_unclear
excluded due to caste,discrimination_hate
followed after class,stalking
abused for my caste,discrimination_hate
senior is threatening me,threat_intimidation
false rumors spread,defamation
i was beaten by classmates,physical_violence
someone attacked me in hostel,physical_violence
illegal substances pushed,substance_abuse
tc not given,institutional_misconduct
fake complaints filed,defamation
prevented from leaving,kidnapping_confinement
documents withheld,institutional_misconduct
many problems in college,mixed_or_unclear
forced humiliating acts,ragging
senior punched me,physical_violence
fake instagram account created,cyber_crime
prevented from leaving,kidnapping_confinement
threatened by classmates,threat_intimidation
college holding certificates,institutional_misconduct
someone following me,stalking
forced humiliating acts,ragging
mental pressure from teachers,mental_harassment
money demanded under threat,financial_exploitation
someone following me,stalking
dont know what to do,mixed_or_unclear
prevented from leaving,kidnapping_confinement
college environment is bad,mixed_or_unclear
someone following me,stalking
emotionally tortured,mental_harassment
warned not to complain,threat_intimidation
confined by students,kidnapping_confinement
senior is threatening me,threat_intimidation
verbal and physical ragging,ragging
cyber bullying,cyber_crime
followed after class,stalking
money demanded under threat,financial_exploitation
followed after class,stalking
fake instagram account created,cyber_crime
ragged daily in hostel,ragging
fake complaints filed,defamation
i was slapped by a senior,physical_violence
threatened by classmates,threat_intimidation
stalker in hostel,stalking
photos shared without consent,cyber_crime
warned not to complain,threat_intimidation
college environment is bad,mixed_or_unclear
intimidated by seniors,threat_intimidation
dont know what to do,mixed_or_unclear
held against will,kidnapping_confinement
racist remarks in class,discrimination_hate
tc not given,institutional_misconduct
locked in room,kidnapping_confinement
false rumors spread,defamation
forced to clean rooms,ragging
fake instagram account created,cyber_crime
assaulted by students,physical_violence
forced into inappropriate contact,sexual_offence
constant mental harassment,mental_harassment
forced to consume drugs,substance_abuse
character assassination,defamation
forced humiliating acts,ragging
racist remarks in class,discrimination_hate
harassed by seniors,ragging
forced to sign bond,institutional_misconduct
verbal abuse daily,mental_harassment
money demanded under threat,financial_exploitation
forced to stay inside,kidnapping_confinement
received sexual messages,sexual_offence
character assassination,defamation
constant messages from person,stalking
pressured to smoke,substance_abuse
senior punched me,physical_violence
threats on whatsapp,cyber_crime
false allegations online,defamation
senior tried to molest me,sexual_offence
money extorted,financial_exploitation
assaulted by students,physical_violence
prevented from leaving,kidnapping_confinement
online harassment,cyber_crime
something wrong happening,mixed_or_unclear
warned not to complain,threat_intimidation
money extorted,financial_exploitation
being stalked online,stalking
emotionally tortured,mental_harassment
pressured to smoke,substance_abuse
many problems in college,mixed_or_unclear
online harassment,cyber_crime
forced to pay seniors,financial_exploitation
illegal substances pushed,substance_abuse
received sexual messages,sexual_offence
religious discrimination,discrimination_hate
stalker in hostel,stalking
being stalked online,stalking
received sexual messages,sexual_offence
reputation damaged,defamation
many problems in college,mixed_or_unclear
administration harassment,institutional_misconduct
teacher made sexual comments,sexual_offence
financial harassment,financial_exploitation
intimidated by seniors,threat_intimidation
religious discrimination,discrimination_hate
cyber bullying,cyber_crime
followed after class,stalking
someone touched me without consent,sexual_offence
someone touched me without consent,sexual_offence
verbal and physical ragging,ragging
character assassination,defamation
i was slapped by a senior,physical_violence
psychological abuse,mental_harassment
financial harassment,financial_exploitation
drug use forced,substance_abuse
college holding certificates,institutional_misconduct
being stalked online,stalking
money extorted,financial_exploitation
verbal abuse daily,mental_harassment
received death threats,threat_intimidation
harassed by seniors,ragging
prevented from leaving,kidnapping_confinement
mental pressure from teachers,mental_harassment
mental pressure from teachers,mental_harassment
forced to consume drugs,substance_abuse
religious discrimination,discrimination_hate
drug use forced,substance_abuse
money extorted,financial_exploitation
financial harassment,financial_exploitation
i was slapped by a senior,physical_violence
forced into inappropriate contact,sexual_offence
someone attacked me in hostel,physical_violence
harassed for religion,discrimination_hate
being stalked online,stalking
warned not to complain,threat_intimidation
confined by students,kidnapping_confinement
assaulted by students,physical_violence
cyber bullying,cyber_crime
photos shared without consent,cyber_crime
harassed by seniors,ragging
i feel unsafe,mixed_or_unclear
college holding certificates,institutional_misconduct
held against will,kidnapping_confinement
dont know what to do,mixed_or_unclear
constant mental harassment,mental_harassment
many problems in college,mixed_or_unclear
forced to pay seniors,financial_exploitation
assaulted by students,physical_violence
abused for my caste,discrimination_hate
threats on whatsapp,cyber_crime
religious discrimination,discrimination_hate
many problems in college,mixed_or_unclear
false rumors spread,defamation
stalker in hostel,stalking
teacher made sexual comments,sexual_offence
money extorted,financial_exploitation
warned not to complain,threat_intimidation
received sexual messages,sexual_offence
mental pressure from teachers,mental_harassment
threatened by classmates,threat_intimidation
money demanded under threat,financial_exploitation
verbal abuse daily,mental_harassment
dont know what to do,mixed_or_unclear
threatened by classmates,threat_intimidation
online harassment,cyber_crime
confined by students,kidnapping_confinement
verbal abuse daily,mental_harassment
abused for my caste,discrimination_hate
threatened by classmates,threat_intimidation
photos shared without consent,cyber_crime
someone following me,stalking
someone attacked me in hostel,physical_violence
constant messages from person,stalking
intimidated by seniors,threat_intimidation
administration harassment,institutional_misconduct
forced to sign bond,institutional_misconduct
reputation damaged,defamation
constant messages from person,stalking
college environment is bad,mixed_or_unclear
character assassination,defamation
harassed for religion,discrimination_hate
stalker in hostel,stalking
illegal substances pushed,substance_abuse
received death threats,threat_intimidation
someone attacked me in hostel,physical_violence
forced to stay inside,kidnapping_confinement
senior tried to molest me,sexual_offence
ragged daily in hostel,ragging
received death threats,threat_intimidation
money demanded under threat,financial_exploitation
teacher made sexual comments,sexual_offence
harassed by seniors,ragging
locked in room,kidnapping_confinement
forced into inappropriate contact,sexual_offence
someone attacked me in hostel,physical_violence
reputation damaged,defamation
photos shared without consent,cyber_crime
forced to drink alcohol,substance_abuse
someone touched me without consent,sexual_offence
forced humiliating acts,ragging
administration harassment,institutional_misconduct
intimidated by seniors,threat_intimidation
forced to give money,financial_exploitation
forced to drink alcohol,substance_abuse
received death threats,threat_intimidation
i was slapped by a senior,physical_violence
i feel unsafe,mixed_or_unclear
college environment is bad,mixed_or_unclear
forced to consume drugs,substance_abuse
forced humiliating acts,ragging
forced into inappropriate contact,sexual_offence
many problems in college,mixed_or_unclear
locked in room,kidnapping_confinement
drug use forced,substance_abuse
forced to clean rooms,ragging
senior punched me,physical_violence
illegal substances pushed,substance_abuse
forced to sign bond,institutional_misconduct
false rumors spread,defamation
locked in room,kidnapping_confinement
dont know what to do,mixed_or_unclear
constant mental harassment,mental_harassment
i feel unsafe,mixed_or_unclear
college holding certificates,institutional_misconduct
mental pressure from teachers,mental_harassment
emotionally tortured,mental_harassment
harassed for religion,discrimination_hate
ragged daily in hostel,ragging
forced to drink alcohol,substance_abuse
intimidated by seniors,threat_intimidation
racist remarks in class,discrimination_hate
photos shared without consent,cyber_crime
false allegations online,defamation
someone attacked me in hostel,physical_violence
illegal substances pushed,substance_abuse
senior tried to molest me,sexual_offence
money extorted,financial_exploitation
drug use forced,substance_abuse
received death threats,threat_intimidation
senior punched me,physical_violence
tc not given,institutional_misconduct
documents withheld,institutional_misconduct
mental pressure from teachers,mental_harassment
forced to stay inside,kidnapping_confinement
forced into inappropriate contact,sexual_offence
harassed by seniors,ragging
religious discrimination,discrimination_hate
held against will,kidnapping_confinement
prevented from leaving,kidnapping_confinement
being stalked online,stalking
threatened by classmates,threat_intimidation
fake complaints filed,defamation
psychological abuse,mental_harassment
fake instagram account created,cyber_crime
fake complaints filed,defamation
mental pressure from teachers,mental_harassment
forced to stay inside,kidnapping_confinement
confined by students,kidnapping_confinement
psychological abuse,mental_harassment
assaulted by students,physical_violence
fake complaints filed,defamation
dont know what to do,mixed_or_unclear
fake complaints filed,defamation
senior tried to molest me,sexual_offence
money demanded under threat,financial_exploitation
false allegations online,defamation
psychological abuse,mental_harassment
fake complaints filed,defamation
forced to sign bond,institutional_misconduct
fake instagram account created,cyber_crime
administration harassment,institutional_misconduct
received sexual messages,sexual_offence
i was slapped by a senior,physical_violence
received death threats,threat_intimidation
followed after class,stalking
money extorted,financial_exploitation
college holding certificates,institutional_misconduct
confined by students,kidnapping_confinement
forced humiliating acts,ragging
online harassment,cyber_crime
ragged daily in hostel,ragging
mental pressure from teachers,mental_harassment
photos shared without consent,cyber_crime
forced to stay inside,kidnapping_confinement
administration harassment,institutional_misconduct
documents withheld,institutional_misconduct
drug use forced,substance_abuse
character assassination,defamation
forced to pay seniors,financial_exploitation
false allegations online,defamation
drug use forced,substance_abuse
administration harassment,institutional_misconduct
followed after class,stalking
emotionally tortured,mental_harassment
reputation damaged,defamation
forced to drink alcohol,substance_abuse
reputation damaged,defamation
teacher made sexual comments,sexual_offence
tc not given,institutional_misconduct
college environment is bad,mixed_or_unclear
racist remarks in class,discrimination_hate
forced to consume drugs,substance_abuse
senior punched me,physical_violence
received death threats,threat_intimidation
forced to consume drugs,substance_abuse
someone attacked me in hostel,physical_violence
locked in room,kidnapping_confinement
forced to sign bond,institutional_misconduct
my friends call me black,discrimination_hate
they tease me for my skin color,discrimination_hate
friends mock me for my caste,discrimination_hate
called lower caste by classmates,discrimination_hate
racial insults in college,discrimination_hate
verbal caste abuse by friends,discrimination_hate
